<?xml version="1.0" encoding="UTF-8"?>
<project-private xmlns="http://www.netbeans.org/ns/project-private/1">
    <editor-bookmarks xmlns="http://www.netbeans.org/ns/editor-bookmarks/2" lastBookmarkId="0"/>
    <open-files xmlns="http://www.netbeans.org/ns/projectui-open-files/2">
        <group>
            <file>file:/C:/Users/Allan%20Rodriguez/Documents/NetBeansProjects/grafos/src/grafos/Grafos.java</file>
            <file>file:/C:/Users/Allan%20Rodriguez/Documents/NetBeansProjects/grafos/src/logico/grafo/vertice.java</file>
            <file>file:/C:/Users/Allan%20Rodriguez/Documents/NetBeansProjects/grafos/src/presentacion/PruebaLista.java</file>
            <file>file:/C:/Users/Allan%20Rodriguez/Documents/NetBeansProjects/grafos/src/Logica/lista/Lista.java</file>
        </group>
    </open-files>
</project-private>
